"Source Voltage","Source Int. Voltage","Source Current","Drain Voltage","Drain Int. Voltage","Drain Current","Gate Voltage","Gate Int. Voltage","Gate Current","Substrate Voltage","Substrate Int. Voltage","Substrate Current","Global device temperature"
0.0000000000e+00,0.0000000000e+00,-1.2449578480e-12,0.0000000000e+00,0.0000000000e+00,-4.1631383800e-12,-3.0000000000e+00,-3.0000000000e+00,-1.8362374060e-17,0.0000000000e+00,0.0000000000e+00,0.0000000000e+00,3.0000000000e+02
0.0000000000e+00,0.0000000000e+00,-6.2941870830e-03,2.5000000000e-01,2.5000000000e-01,6.2941823600e-03,-3.0000000000e+00,-3.0000000000e+00,-2.0885694180e-17,0.0000000000e+00,0.0000000000e+00,0.0000000000e+00,3.0085708230e+02
0.0000000000e+00,0.0000000000e+00,-1.1394266780e-02,5.0000000000e-01,5.0000000000e-01,1.1394249840e-02,-3.0000000000e+00,-3.0000000000e+00,-2.9341965070e-17,0.0000000000e+00,0.0000000000e+00,0.0000000000e+00,3.0305625770e+02
0.0000000000e+00,0.0000000000e+00,-1.8036066370e-02,1.0000000000e+00,1.0000000000e+00,1.8036482150e-02,-3.0000000000e+00,-3.0000000000e+00,-8.0670970270e-17,0.0000000000e+00,0.0000000000e+00,0.0000000000e+00,3.0981283850e+02
0.0000000000e+00,0.0000000000e+00,-2.1000286210e-02,1.5000000000e+00,1.5000000000e+00,2.0999283920e-02,-3.0000000000e+00,-3.0000000000e+00,-2.3962353380e-16,0.0000000000e+00,0.0000000000e+00,0.0000000000e+00,3.1743852970e+02
0.0000000000e+00,0.0000000000e+00,-2.1878521410e-02,2.0000000000e+00,2.0000000000e+00,2.1879638100e-02,-3.0000000000e+00,-3.0000000000e+00,-6.3526210590e-16,0.0000000000e+00,0.0000000000e+00,0.0000000000e+00,3.2461805530e+02
0.0000000000e+00,0.0000000000e+00,-2.1858191460e-02,2.5000000000e+00,2.5000000000e+00,2.1856864530e-02,-3.0000000000e+00,-3.0000000000e+00,-1.4882687340e-15,0.0000000000e+00,0.0000000000e+00,0.0000000000e+00,3.3116977880e+02
0.0000000000e+00,0.0000000000e+00,-2.1523578970e-02,3.0000000000e+00,3.0000000000e+00,2.1525250110e-02,-3.0000000000e+00,-3.0000000000e+00,-3.1933891850e-15,0.0000000000e+00,0.0000000000e+00,0.0000000000e+00,3.3726574970e+02
0.0000000000e+00,0.0000000000e+00,-2.1092926970e-02,3.5000000000e+00,3.5000000000e+00,2.1090858950e-02,-3.0000000000e+00,-3.0000000000e+00,-6.4330080290e-15,0.0000000000e+00,0.0000000000e+00,0.0000000000e+00,3.4304730490e+02
0.0000000000e+00,0.0000000000e+00,-2.0639647610e-02,4.0000000000e+00,4.0000000000e+00,2.0642217680e-02,-3.0000000000e+00,-3.0000000000e+00,-1.2340747380e-14,0.0000000000e+00,0.0000000000e+00,0.0000000000e+00,3.4864572570e+02
0.0000000000e+00,0.0000000000e+00,-2.0194772620e-02,4.5000000000e+00,4.5000000000e+00,2.0191403870e-02,-3.0000000000e+00,-3.0000000000e+00,-2.2731318480e-14,0.0000000000e+00,0.0000000000e+00,0.0000000000e+00,3.5404467360e+02
0.0000000000e+00,0.0000000000e+00,-1.9763390270e-02,5.0000000000e+00,5.0000000000e+00,1.9760917870e-02,-3.0000000000e+00,-3.0000000000e+00,-4.0420345140e-14,0.0000000000e+00,0.0000000000e+00,0.0000000000e+00,3.5926796960e+02
0.0000000000e+00,0.0000000000e+00,-1.9351135160e-02,5.5000000000e+00,5.5000000000e+00,1.9354637450e-02,-3.0000000000e+00,-3.0000000000e+00,-6.9713735580e-14,0.0000000000e+00,0.0000000000e+00,0.0000000000e+00,3.6433756910e+02
0.0000000000e+00,0.0000000000e+00,-1.8963640730e-02,6.0000000000e+00,6.0000000000e+00,1.8966489050e-02,-3.0000000000e+00,-3.0000000000e+00,-1.1716614740e-13,0.0000000000e+00,0.0000000000e+00,0.0000000000e+00,3.6928168010e+02
0.0000000000e+00,0.0000000000e+00,-1.8602088240e-02,6.5000000000e+00,6.5000000000e+00,1.8598035740e-02,-3.0000000000e+00,-3.0000000000e+00,-1.9268106320e-13,0.0000000000e+00,0.0000000000e+00,0.0000000000e+00,3.7412642220e+02
0.0000000000e+00,0.0000000000e+00,-1.8262616560e-02,7.0000000000e+00,7.0000000000e+00,1.8258815630e-02,-3.0000000000e+00,-3.0000000000e+00,-3.1099523720e-13,0.0000000000e+00,0.0000000000e+00,0.0000000000e+00,3.7888869860e+02
0.0000000000e+00,0.0000000000e+00,-1.7944238630e-02,7.5000000000e+00,7.5000000000e+00,1.7940438630e-02,-3.0000000000e+00,-3.0000000000e+00,-4.9341644740e-13,0.0000000000e+00,0.0000000000e+00,0.0000000000e+00,3.8357957580e+02
0.0000000000e+00,0.0000000000e+00,-1.7645039580e-02,8.0000000000e+00,8.0000000000e+00,1.7641092130e-02,-3.0000000000e+00,-3.0000000000e+00,-7.7074850440e-13,0.0000000000e+00,0.0000000000e+00,0.0000000000e+00,3.8820520110e+02
0.0000000000e+00,0.0000000000e+00,-1.7499889210e-02,8.2500000000e+00,8.2500000000e+00,1.7503574600e-02,-3.0000000000e+00,-3.0000000000e+00,-9.5791236030e-13,0.0000000000e+00,0.0000000000e+00,0.0000000000e+00,3.9049409370e+02
0.0000000000e+00,0.0000000000e+00,-1.7360563090e-02,8.5000000000e+00,8.5000000000e+00,1.7365633580e-02,-3.0000000000e+00,-3.0000000000e+00,-1.1866105480e-12,0.0000000000e+00,0.0000000000e+00,0.0000000000e+00,3.9277084560e+02
0.0000000000e+00,0.0000000000e+00,-1.7228415110e-02,8.7500000000e+00,8.7500000000e+00,1.7223375840e-02,-3.0000000000e+00,-3.0000000000e+00,-1.4654545930e-12,0.0000000000e+00,0.0000000000e+00,0.0000000000e+00,3.9503764490e+02
0.0000000000e+00,0.0000000000e+00,-1.7162337370e-02,8.8750000000e+00,8.8750000000e+00,1.7157252100e-02,-3.0000000000e+00,-3.0000000000e+00,-1.6264093370e-12,0.0000000000e+00,0.0000000000e+00,0.0000000000e+00,3.9616513410e+02
0.0000000000e+00,0.0000000000e+00,-1.7094442350e-02,9.0000000000e+00,9.0000000000e+00,1.7098773990e-02,-3.0000000000e+00,-3.0000000000e+00,-1.8032105060e-12,0.0000000000e+00,0.0000000000e+00,0.0000000000e+00,3.9728710540e+02
0.0000000000e+00,0.0000000000e+00,-1.7029959560e-02,9.1250000000e+00,9.1250000000e+00,1.7034894410e-02,-3.0000000000e+00,-3.0000000000e+00,-1.9981166700e-12,0.0000000000e+00,0.0000000000e+00,0.0000000000e+00,3.9840846500e+02
0.0000000000e+00,0.0000000000e+00,-1.6969186000e-02,9.2500000000e+00,9.2500000000e+00,1.6964955070e-02,-3.0000000000e+00,-3.0000000000e+00,-2.2129458790e-12,0.0000000000e+00,0.0000000000e+00,0.0000000000e+00,3.9952961990e+02
0.0000000000e+00,0.0000000000e+00,-1.6906755970e-02,9.3750000000e+00,9.3750000000e+00,1.6901990520e-02,-3.0000000000e+00,-3.0000000000e+00,-2.4485234810e-12,0.0000000000e+00,0.0000000000e+00,0.0000000000e+00,4.0064563160e+02
0.0000000000e+00,0.0000000000e+00,-1.6875621780e-02,9.4375000000e+00,9.4375000000e+00,1.6871369130e-02,-3.0000000000e+00,-3.0000000000e+00,-2.5747943560e-12,0.0000000000e+00,0.0000000000e+00,0.0000000000e+00,4.0120238300e+02
0.0000000000e+00,0.0000000000e+00,-1.6844907210e-02,9.5000000000e+00,9.5000000000e+00,1.6840428230e-02,-3.0000000000e+00,-3.0000000000e+00,-2.7071336610e-12,0.0000000000e+00,0.0000000000e+00,0.0000000000e+00,4.0175865650e+02
0.0000000000e+00,0.0000000000e+00,-1.6814393970e-02,9.5625000000e+00,9.5625000000e+00,1.6809685750e-02,-3.0000000000e+00,-3.0000000000e+00,-2.8457606910e-12,0.0000000000e+00,0.0000000000e+00,0.0000000000e+00,4.0231430340e+02
0.0000000000e+00,0.0000000000e+00,-1.6784079800e-02,9.6250000000e+00,9.6250000000e+00,1.6779138160e-02,-3.0000000000e+00,-3.0000000000e+00,-2.9909504830e-12,0.0000000000e+00,0.0000000000e+00,0.0000000000e+00,4.0286962660e+02
0.0000000000e+00,0.0000000000e+00,-1.6753961710e-02,9.6875000000e+00,9.6875000000e+00,1.6748783240e-02,-3.0000000000e+00,-3.0000000000e+00,-3.1429889910e-12,0.0000000000e+00,0.0000000000e+00,0.0000000000e+00,4.0342428270e+02
0.0000000000e+00,0.0000000000e+00,-1.6721173180e-02,9.7500000000e+00,9.7500000000e+00,1.6725367970e-02,-3.0000000000e+00,-3.0000000000e+00,-3.3013643380e-12,0.0000000000e+00,0.0000000000e+00,0.0000000000e+00,4.0397551900e+02
0.0000000000e+00,0.0000000000e+00,-1.6691290940e-02,9.8125000000e+00,9.8125000000e+00,1.6695707700e-02,-3.0000000000e+00,-3.0000000000e+00,-3.4679193900e-12,0.0000000000e+00,0.0000000000e+00,0.0000000000e+00,4.0452871000e+02
0.0000000000e+00,0.0000000000e+00,-1.6661598480e-02,9.8750000000e+00,9.8750000000e+00,1.6666222760e-02,-3.0000000000e+00,-3.0000000000e+00,-3.6422460650e-12,0.0000000000e+00,0.0000000000e+00,0.0000000000e+00,4.0508125670e+02
0.0000000000e+00,0.0000000000e+00,-1.6632087890e-02,9.9375000000e+00,9.9375000000e+00,1.6636925790e-02,-3.0000000000e+00,-3.0000000000e+00,-3.8246766320e-12,0.0000000000e+00,0.0000000000e+00,0.0000000000e+00,4.0563316120e+02
0.0000000000e+00,0.0000000000e+00,-1.6602758100e-02,1.0000000000e+01,1.0000000000e+01,1.6607814860e-02,-3.0000000000e+00,-3.0000000000e+00,-4.0155583420e-12,0.0000000000e+00,0.0000000000e+00,0.0000000000e+00,4.0618443210e+02
0.0000000000e+00,0.0000000000e+00,-1.6576451260e-02,1.0062500000e+01,1.0062500000e+01,1.6572318530e-02,-3.0000000000e+00,-3.0000000000e+00,-4.2162811230e-12,0.0000000000e+00,0.0000000000e+00,0.0000000000e+00,4.0673785970e+02
0.0000000000e+00,0.0000000000e+00,-1.6547606950e-02,1.0125000000e+01,1.0125000000e+01,1.6543309630e-02,-3.0000000000e+00,-3.0000000000e+00,-4.4252612740e-12,0.0000000000e+00,0.0000000000e+00,0.0000000000e+00,4.0728801960e+02
0.0000000000e+00,0.0000000000e+00,-1.6518949400e-02,1.0187500000e+01,1.0187500000e+01,1.6514465850e-02,-3.0000000000e+00,-3.0000000000e+00,-4.6438281090e-12,0.0000000000e+00,0.0000000000e+00,0.0000000000e+00,4.0783757750e+02
0.0000000000e+00,0.0000000000e+00,-1.6490470770e-02,1.0250000000e+01,1.0250000000e+01,1.6485802350e-02,-3.0000000000e+00,-3.0000000000e+00,-4.8723841850e-12,0.0000000000e+00,0.0000000000e+00,0.0000000000e+00,4.0838653350e+02
0.0000000000e+00,0.0000000000e+00,-1.6462169940e-02,1.0312500000e+01,1.0312500000e+01,1.6457314270e-02,-3.0000000000e+00,-3.0000000000e+00,-5.1113499390e-12,0.0000000000e+00,0.0000000000e+00,0.0000000000e+00,4.0893489340e+02
0.0000000000e+00,0.0000000000e+00,-1.6434043350e-02,1.0375000000e+01,1.0375000000e+01,1.6429001030e-02,-3.0000000000e+00,-3.0000000000e+00,-5.3611616780e-12,0.0000000000e+00,0.0000000000e+00,0.0000000000e+00,4.0948266160e+02
0.0000000000e+00,0.0000000000e+00,-1.6406088850e-02,1.0437500000e+01,1.0437500000e+01,1.6400858870e-02,-3.0000000000e+00,-3.0000000000e+00,-5.6222732850e-12,0.0000000000e+00,0.0000000000e+00,0.0000000000e+00,4.1002984450e+02
0.0000000000e+00,0.0000000000e+00,-1.6391828620e-02,1.0468750000e+01,1.0468750000e+01,1.6387627260e-02,-3.0000000000e+00,-3.0000000000e+00,-5.7570410150e-12,0.0000000000e+00,0.0000000000e+00,0.0000000000e+00,4.1030287210e+02
0.0000000000e+00,0.0000000000e+00,-1.6377950150e-02,1.0500000000e+01,1.0500000000e+01,1.6373676390e-02,-3.0000000000e+00,-3.0000000000e+00,-5.8949757250e-12,0.0000000000e+00,0.0000000000e+00,0.0000000000e+00,4.1057609360e+02
0.0000000000e+00,0.0000000000e+00,-1.6364111970e-02,1.0531250000e+01,1.0531250000e+01,1.6359771210e-02,-3.0000000000e+00,-3.0000000000e+00,-6.0359738460e-12,0.0000000000e+00,0.0000000000e+00,0.0000000000e+00,4.1084916970e+02
0.0000000000e+00,0.0000000000e+00,-1.6350315520e-02,1.0562500000e+01,1.0562500000e+01,1.6345907780e-02,-3.0000000000e+00,-3.0000000000e+00,-6.1800990200e-12,0.0000000000e+00,0.0000000000e+00,0.0000000000e+00,4.1112210270e+02
0.0000000000e+00,0.0000000000e+00,-1.6336560520e-02,1.0593750000e+01,1.0593750000e+01,1.6332085950e-02,-3.0000000000e+00,-3.0000000000e+00,-6.3274152310e-12,0.0000000000e+00,0.0000000000e+00,0.0000000000e+00,4.1139489330e+02
0.0000000000e+00,0.0000000000e+00,-1.6322846730e-02,1.0625000000e+01,1.0625000000e+01,1.6318305500e-02,-3.0000000000e+00,-3.0000000000e+00,-6.4779876740e-12,0.0000000000e+00,0.0000000000e+00,0.0000000000e+00,4.1166754210e+02
0.0000000000e+00,0.0000000000e+00,-1.6309173920e-02,1.0656250000e+01,1.0656250000e+01,1.6304566220e-02,-3.0000000000e+00,-3.0000000000e+00,-6.6318827640e-12,0.0000000000e+00,0.0000000000e+00,0.0000000000e+00,4.1194004990e+02
0.0000000000e+00,0.0000000000e+00,-1.6295541850e-02,1.0687500000e+01,1.0687500000e+01,1.6290867920e-02,-3.0000000000e+00,-3.0000000000e+00,-6.7891681580e-12,0.0000000000e+00,0.0000000000e+00,0.0000000000e+00,4.1221241710e+02
0.0000000000e+00,0.0000000000e+00,-1.6281950290e-02,1.0718750000e+01,1.0718750000e+01,1.6277210390e-02,-3.0000000000e+00,-3.0000000000e+00,-6.9499127810e-12,0.0000000000e+00,0.0000000000e+00,0.0000000000e+00,4.1248464450e+02
0.0000000000e+00,0.0000000000e+00,-1.6268399000e-02,1.0750000000e+01,1.0750000000e+01,1.6263593400e-02,-3.0000000000e+00,-3.0000000000e+00,-7.1141868460e-12,0.0000000000e+00,0.0000000000e+00,0.0000000000e+00,4.1275673270e+02
0.0000000000e+00,0.0000000000e+00,-1.6254887750e-02,1.0781250000e+01,1.0781250000e+01,1.6250016810e-02,-3.0000000000e+00,-3.0000000000e+00,-7.2820618550e-12,0.0000000000e+00,0.0000000000e+00,0.0000000000e+00,4.1302868230e+02
0.0000000000e+00,0.0000000000e+00,-1.6241416300e-02,1.0812500000e+01,1.0812500000e+01,1.6236480390e-02,-3.0000000000e+00,-3.0000000000e+00,-7.4536106580e-12,0.0000000000e+00,0.0000000000e+00,0.0000000000e+00,4.1330049390e+02
0.0000000000e+00,0.0000000000e+00,-1.6227984440e-02,1.0843750000e+01,1.0843750000e+01,1.6222983940e-02,-3.0000000000e+00,-3.0000000000e+00,-7.6289074460e-12,0.0000000000e+00,0.0000000000e+00,0.0000000000e+00,4.1357216820e+02
0.0000000000e+00,0.0000000000e+00,-1.6214591930e-02,1.0875000000e+01,1.0875000000e+01,1.6209527280e-02,-3.0000000000e+00,-3.0000000000e+00,-7.8080277880e-12,0.0000000000e+00,0.0000000000e+00,0.0000000000e+00,4.1384370570e+02
0.0000000000e+00,0.0000000000e+00,-1.6201238520e-02,1.0906250000e+01,1.0906250000e+01,1.6196110250e-02,-3.0000000000e+00,-3.0000000000e+00,-7.9910485910e-12,0.0000000000e+00,0.0000000000e+00,0.0000000000e+00,4.1411510700e+02
0.0000000000e+00,0.0000000000e+00,-1.6187923980e-02,1.0937500000e+01,1.0937500000e+01,1.6182732620e-02,-3.0000000000e+00,-3.0000000000e+00,-8.1780481350e-12,0.0000000000e+00,0.0000000000e+00,0.0000000000e+00,4.1438637250e+02
0.0000000000e+00,0.0000000000e+00,-1.6174648100e-02,1.0968750000e+01,1.0968750000e+01,1.6169394180e-02,-3.0000000000e+00,-3.0000000000e+00,-8.3691062390e-12,0.0000000000e+00,0.0000000000e+00,0.0000000000e+00,4.1465750280e+02
0.0000000000e+00,0.0000000000e+00,-1.6158361500e-02,1.1000000000e+01,1.1000000000e+01,1.6162626970e-02,-3.0000000000e+00,-3.0000000000e+00,-8.5620508400e-12,0.0000000000e+00,0.0000000000e+00,0.0000000000e+00,4.1492538770e+02
0.0000000000e+00,0.0000000000e+00,-1.6145105010e-02,1.1031250000e+01,1.1031250000e+01,1.6149472930e-02,-3.0000000000e+00,-3.0000000000e+00,-8.7613754910e-12,0.0000000000e+00,0.0000000000e+00,0.0000000000e+00,4.1519618700e+02
0.0000000000e+00,0.0000000000e+00,-1.6131902410e-02,1.1062500000e+01,1.1062500000e+01,1.6136323210e-02,-3.0000000000e+00,-3.0000000000e+00,-8.9650162080e-12,0.0000000000e+00,0.0000000000e+00,0.0000000000e+00,4.1546686890e+02
0.0000000000e+00,0.0000000000e+00,-1.6118737850e-02,1.1093750000e+01,1.1093750000e+01,1.6123211090e-02,-3.0000000000e+00,-3.0000000000e+00,-9.1730472240e-12,0.0000000000e+00,0.0000000000e+00,0.0000000000e+00,4.1573741810e+02
0.0000000000e+00,0.0000000000e+00,-1.6105611160e-02,1.1125000000e+01,1.1125000000e+01,1.6110136310e-02,-3.0000000000e+00,-3.0000000000e+00,-9.3855559260e-12,0.0000000000e+00,0.0000000000e+00,0.0000000000e+00,4.1600783510e+02
0.0000000000e+00,0.0000000000e+00,-1.6092522150e-02,1.1156250000e+01,1.1156250000e+01,1.6097098660e-02,-3.0000000000e+00,-3.0000000000e+00,-9.6026312760e-12,0.0000000000e+00,0.0000000000e+00,0.0000000000e+00,4.1627812070e+02
0.0000000000e+00,0.0000000000e+00,-1.6079470640e-02,1.1187500000e+01,1.1187500000e+01,1.6084097910e-02,-3.0000000000e+00,-3.0000000000e+00,-9.8243638580e-12,0.0000000000e+00,0.0000000000e+00,0.0000000000e+00,4.1654827530e+02
0.0000000000e+00,0.0000000000e+00,-1.6066456440e-02,1.1218750000e+01,1.1218750000e+01,1.6071133850e-02,-3.0000000000e+00,-3.0000000000e+00,-1.0050845910e-11,0.0000000000e+00,0.0000000000e+00,0.0000000000e+00,4.1681829950e+02
0.0000000000e+00,0.0000000000e+00,-1.6053479350e-02,1.1250000000e+01,1.1250000000e+01,1.6058206260e-02,-3.0000000000e+00,-3.0000000000e+00,-1.0282171330e-11,0.0000000000e+00,0.0000000000e+00,0.0000000000e+00,4.1708819400e+02
0.0000000000e+00,0.0000000000e+00,-1.6040539210e-02,1.1281250000e+01,1.1281250000e+01,1.6045314940e-02,-3.0000000000e+00,-3.0000000000e+00,-1.0518435730e-11,0.0000000000e+00,0.0000000000e+00,0.0000000000e+00,4.1735795910e+02
0.0000000000e+00,0.0000000000e+00,-1.6027635820e-02,1.1312500000e+01,1.1312500000e+01,1.6032459670e-02,-3.0000000000e+00,-3.0000000000e+00,-1.0759736460e-11,0.0000000000e+00,0.0000000000e+00,0.0000000000e+00,4.1762759560e+02
0.0000000000e+00,0.0000000000e+00,-1.6014769010e-02,1.1343750000e+01,1.1343750000e+01,1.6019640240e-02,-3.0000000000e+00,-3.0000000000e+00,-1.1006172620e-11,0.0000000000e+00,0.0000000000e+00,0.0000000000e+00,4.1789710400e+02
0.0000000000e+00,0.0000000000e+00,-1.6001938590e-02,1.1375000000e+01,1.1375000000e+01,1.6006856460e-02,-3.0000000000e+00,-3.0000000000e+00,-1.1257845100e-11,0.0000000000e+00,0.0000000000e+00,0.0000000000e+00,4.1816648470e+02
0.0000000000e+00,0.0000000000e+00,-1.5989144380e-02,1.1406250000e+01,1.1406250000e+01,1.5994108100e-02,-3.0000000000e+00,-3.0000000000e+00,-1.1514856610e-11,0.0000000000e+00,0.0000000000e+00,0.0000000000e+00,4.1843573840e+02
0.0000000000e+00,0.0000000000e+00,-1.5976386210e-02,1.1437500000e+01,1.1437500000e+01,1.5981394980e-02,-3.0000000000e+00,-3.0000000000e+00,-1.1777311690e-11,0.0000000000e+00,0.0000000000e+00,0.0000000000e+00,4.1870486560e+02
0.0000000000e+00,0.0000000000e+00,-1.5963663900e-02,1.1468750000e+01,1.1468750000e+01,1.5968716880e-02,-3.0000000000e+00,-3.0000000000e+00,-1.2045316790e-11,0.0000000000e+00,0.0000000000e+00,0.0000000000e+00,4.1897386680e+02
0.0000000000e+00,0.0000000000e+00,-1.5950977270e-02,1.1500000000e+01,1.1500000000e+01,1.5956073610e-02,-3.0000000000e+00,-3.0000000000e+00,-1.2318980240e-11,0.0000000000e+00,0.0000000000e+00,0.0000000000e+00,4.1924274260e+02
0.0000000000e+00,0.0000000000e+00,-1.5938326160e-02,1.1531250000e+01,1.1531250000e+01,1.5943464970e-02,-3.0000000000e+00,-3.0000000000e+00,-1.2598412320e-11,0.0000000000e+00,0.0000000000e+00,0.0000000000e+00,4.1951149340e+02
0.0000000000e+00,0.0000000000e+00,-1.5925710380e-02,1.1562500000e+01,1.1562500000e+01,1.5930890750e-02,-3.0000000000e+00,-3.0000000000e+00,-1.2883725280e-11,0.0000000000e+00,0.0000000000e+00,0.0000000000e+00,4.1978011980e+02
0.0000000000e+00,0.0000000000e+00,-1.5913129770e-02,1.1593750000e+01,1.1593750000e+01,1.5918350780e-02,-3.0000000000e+00,-3.0000000000e+00,-1.3175033380e-11,0.0000000000e+00,0.0000000000e+00,0.0000000000e+00,4.2004862230e+02
0.0000000000e+00,0.0000000000e+00,-1.5900584160e-02,1.1625000000e+01,1.1625000000e+01,1.5905844850e-02,-3.0000000000e+00,-3.0000000000e+00,-1.3472452890e-11,0.0000000000e+00,0.0000000000e+00,0.0000000000e+00,4.2031700140e+02
0.0000000000e+00,0.0000000000e+00,-1.5888073370e-02,1.1656250000e+01,1.1656250000e+01,1.5893372760e-02,-3.0000000000e+00,-3.0000000000e+00,-1.3776102190e-11,0.0000000000e+00,0.0000000000e+00,0.0000000000e+00,4.2058525760e+02
0.0000000000e+00,0.0000000000e+00,-1.5878777660e-02,1.1687500000e+01,1.1687500000e+01,1.5874444560e-02,-3.0000000000e+00,-3.0000000000e+00,-1.4089968880e-11,0.0000000000e+00,0.0000000000e+00,0.0000000000e+00,4.2085672180e+02
0.0000000000e+00,0.0000000000e+00,-1.5866344790e-02,1.1718750000e+01,1.1718750000e+01,1.5862034350e-02,-3.0000000000e+00,-3.0000000000e+00,-1.4406538770e-11,0.0000000000e+00,0.0000000000e+00,0.0000000000e+00,4.2112474650e+02
0.0000000000e+00,0.0000000000e+00,-1.5853963340e-02,1.1750000000e+01,1.1750000000e+01,1.5849622540e-02,-3.0000000000e+00,-3.0000000000e+00,-1.4729730240e-11,0.0000000000e+00,0.0000000000e+00,0.0000000000e+00,4.2139266780e+02
0.0000000000e+00,0.0000000000e+00,-1.5841615210e-02,1.1781250000e+01,1.1781250000e+01,1.5837245520e-02,-3.0000000000e+00,-3.0000000000e+00,-1.5059648450e-11,0.0000000000e+00,0.0000000000e+00,0.0000000000e+00,4.2166046740e+02
0.0000000000e+00,0.0000000000e+00,-1.5829300420e-02,1.1812500000e+01,1.1812500000e+01,1.5824902730e-02,-3.0000000000e+00,-3.0000000000e+00,-1.5396422840e-11,0.0000000000e+00,0.0000000000e+00,0.0000000000e+00,4.2192814580e+02
0.0000000000e+00,0.0000000000e+00,-1.5817018780e-02,1.1843750000e+01,1.1843750000e+01,1.5812593990e-02,-3.0000000000e+00,-3.0000000000e+00,-1.5740184910e-11,0.0000000000e+00,0.0000000000e+00,0.0000000000e+00,4.2219570350e+02
0.0000000000e+00,0.0000000000e+00,-1.5804770120e-02,1.1875000000e+01,1.1875000000e+01,1.5800319140e-02,-3.0000000000e+00,-3.0000000000e+00,-1.6091068410e-11,0.0000000000e+00,0.0000000000e+00,0.0000000000e+00,4.2246314100e+02
0.0000000000e+00,0.0000000000e+00,-1.5792554250e-02,1.1906250000e+01,1.1906250000e+01,1.5788078020e-02,-3.0000000000e+00,-3.0000000000e+00,-1.6449209500e-11,0.0000000000e+00,0.0000000000e+00,0.0000000000e+00,4.2273045880e+02
0.0000000000e+00,0.0000000000e+00,-1.5780371010e-02,1.1937500000e+01,1.1937500000e+01,1.5775870470e-02,-3.0000000000e+00,-3.0000000000e+00,-1.6814746670e-11,0.0000000000e+00,0.0000000000e+00,0.0000000000e+00,4.2299765720e+02
0.0000000000e+00,0.0000000000e+00,-1.5768220210e-02,1.1968750000e+01,1.1968750000e+01,1.5763696320e-02,-3.0000000000e+00,-3.0000000000e+00,-1.7187820860e-11,0.0000000000e+00,0.0000000000e+00,0.0000000000e+00,4.2326473670e+02
0.0000000000e+00,0.0000000000e+00,-1.5756101690e-02,1.2000000000e+01,1.2000000000e+01,1.5751555420e-02,-3.0000000000e+00,-3.0000000000e+00,-1.7568575450e-11,0.0000000000e+00,0.0000000000e+00,0.0000000000e+00,4.2353169770e+02
0.0000000000e+00,0.0000000000e+00,-1.5744015260e-02,1.2031250000e+01,1.2031250000e+01,1.5739447600e-02,-3.0000000000e+00,-3.0000000000e+00,-1.7957156320e-11,0.0000000000e+00,0.0000000000e+00,0.0000000000e+00,4.2379854070e+02
0.0000000000e+00,0.0000000000e+00,-1.5731960760e-02,1.2062500000e+01,1.2062500000e+01,1.5727372690e-02,-3.0000000000e+00,-3.0000000000e+00,-1.8353711900e-11,0.0000000000e+00,0.0000000000e+00,0.0000000000e+00,4.2406526600e+02
0.0000000000e+00,0.0000000000e+00,-1.5719938020e-02,1.2093750000e+01,1.2093750000e+01,1.5715330550e-02,-3.0000000000e+00,-3.0000000000e+00,-1.8758393170e-11,0.0000000000e+00,0.0000000000e+00,0.0000000000e+00,4.2433187410e+02
0.0000000000e+00,0.0000000000e+00,-1.5707946860e-02,1.2125000000e+01,1.2125000000e+01,1.5703321000e-02,-3.0000000000e+00,-3.0000000000e+00,-1.9171353740e-11,0.0000000000e+00,0.0000000000e+00,0.0000000000e+00,4.2459836530e+02
0.0000000000e+00,0.0000000000e+00,-1.5695987130e-02,1.2156250000e+01,1.2156250000e+01,1.5691343890e-02,-3.0000000000e+00,-3.0000000000e+00,-1.9592749880e-11,0.0000000000e+00,0.0000000000e+00,0.0000000000e+00,4.2486474010e+02
0.0000000000e+00,0.0000000000e+00,-1.5684058650e-02,1.2187500000e+01,1.2187500000e+01,1.5679399060e-02,-3.0000000000e+00,-3.0000000000e+00,-2.0022740530e-11,0.0000000000e+00,0.0000000000e+00,0.0000000000e+00,4.2513099890e+02
0.0000000000e+00,0.0000000000e+00,-1.5672161250e-02,1.2218750000e+01,1.2218750000e+01,1.5667486350e-02,-3.0000000000e+00,-3.0000000000e+00,-2.0461487410e-11,0.0000000000e+00,0.0000000000e+00,0.0000000000e+00,4.2539714200e+02
0.0000000000e+00,0.0000000000e+00,-1.5660294770e-02,1.2250000000e+01,1.2250000000e+01,1.5655605590e-02,-3.0000000000e+00,-3.0000000000e+00,-2.0909154980e-11,0.0000000000e+00,0.0000000000e+00,0.0000000000e+00,4.2566316980e+02
0.0000000000e+00,0.0000000000e+00,-1.5648459060e-02,1.2281250000e+01,1.2281250000e+01,1.5643756640e-02,-3.0000000000e+00,-3.0000000000e+00,-2.1365910550e-11,0.0000000000e+00,0.0000000000e+00,0.0000000000e+00,4.2592908270e+02
0.0000000000e+00,0.0000000000e+00,-1.5636653940e-02,1.2312500000e+01,1.2312500000e+01,1.5631939320e-02,-3.0000000000e+00,-3.0000000000e+00,-2.1831924290e-11,0.0000000000e+00,0.0000000000e+00,0.0000000000e+00,4.2619488110e+02
0.0000000000e+00,0.0000000000e+00,-1.5624879250e-02,1.2343750000e+01,1.2343750000e+01,1.5620153490e-02,-3.0000000000e+00,-3.0000000000e+00,-2.2307369270e-11,0.0000000000e+00,0.0000000000e+00,0.0000000000e+00,4.2646056530e+02
0.0000000000e+00,0.0000000000e+00,-1.5613134840e-02,1.2375000000e+01,1.2375000000e+01,1.5608398980e-02,-3.0000000000e+00,-3.0000000000e+00,-2.2792421530e-11,0.0000000000e+00,0.0000000000e+00,0.0000000000e+00,4.2672613570e+02
0.0000000000e+00,0.0000000000e+00,-1.5601420540e-02,1.2406250000e+01,1.2406250000e+01,1.5596675630e-02,-3.0000000000e+00,-3.0000000000e+00,-2.3287260100e-11,0.0000000000e+00,0.0000000000e+00,0.0000000000e+00,4.2699159260e+02
0.0000000000e+00,0.0000000000e+00,-1.5589736200e-02,1.2437500000e+01,1.2437500000e+01,1.5584983290e-02,-3.0000000000e+00,-3.0000000000e+00,-2.3792067080e-11,0.0000000000e+00,0.0000000000e+00,0.0000000000e+00,4.2725693640e+02
0.0000000000e+00,0.0000000000e+00,-1.5578081670e-02,1.2468750000e+01,1.2468750000e+01,1.5573321790e-02,-3.0000000000e+00,-3.0000000000e+00,-2.4307027630e-11,0.0000000000e+00,0.0000000000e+00,0.0000000000e+00,4.2752216740e+02
0.0000000000e+00,0.0000000000e+00,-1.5566456780e-02,1.2500000000e+01,1.2500000000e+01,1.5561690980e-02,-3.0000000000e+00,-3.0000000000e+00,-2.4832330090e-11,0.0000000000e+00,0.0000000000e+00,0.0000000000e+00,4.2778728600e+02
0.0000000000e+00,0.0000000000e+00,-1.5554861380e-02,1.2531250000e+01,1.2531250000e+01,1.5550090700e-02,-3.0000000000e+00,-3.0000000000e+00,-2.5368165960e-11,0.0000000000e+00,0.0000000000e+00,0.0000000000e+00,4.2805229250e+02
0.0000000000e+00,0.0000000000e+00,-1.5543295330e-02,1.2562500000e+01,1.2562500000e+01,1.5538520790e-02,-3.0000000000e+00,-3.0000000000e+00,-2.5914730010e-11,0.0000000000e+00,0.0000000000e+00,0.0000000000e+00,4.2831718720e+02
0.0000000000e+00,0.0000000000e+00,-1.5531758470e-02,1.2593750000e+01,1.2593750000e+01,1.5526981090e-02,-3.0000000000e+00,-3.0000000000e+00,-2.6472220330e-11,0.0000000000e+00,0.0000000000e+00,0.0000000000e+00,4.2858197050e+02
0.0000000000e+00,0.0000000000e+00,-1.5520250670e-02,1.2625000000e+01,1.2625000000e+01,1.5515471440e-02,-3.0000000000e+00,-3.0000000000e+00,-2.7040838420e-11,0.0000000000e+00,0.0000000000e+00,0.0000000000e+00,4.2884664270e+02
0.0000000000e+00,0.0000000000e+00,-1.5508771780e-02,1.2656250000e+01,1.2656250000e+01,1.5503991680e-02,-3.0000000000e+00,-3.0000000000e+00,-2.7620789220e-11,0.0000000000e+00,0.0000000000e+00,0.0000000000e+00,4.2911120420e+02
0.0000000000e+00,0.0000000000e+00,-1.5497321660e-02,1.2687500000e+01,1.2687500000e+01,1.5492541670e-02,-3.0000000000e+00,-3.0000000000e+00,-2.8212281110e-11,0.0000000000e+00,0.0000000000e+00,0.0000000000e+00,4.2937565550e+02
0.0000000000e+00,0.0000000000e+00,-1.5485900180e-02,1.2718750000e+01,1.2718750000e+01,1.5481121270e-02,-3.0000000000e+00,-3.0000000000e+00,-2.8815526020e-11,0.0000000000e+00,0.0000000000e+00,0.0000000000e+00,4.2963999680e+02
0.0000000000e+00,0.0000000000e+00,-1.5474507190e-02,1.2750000000e+01,1.2750000000e+01,1.5469730310e-02,-3.0000000000e+00,-3.0000000000e+00,-2.9430739430e-11,0.0000000000e+00,0.0000000000e+00,0.0000000000e+00,4.2990422870e+02
0.0000000000e+00,0.0000000000e+00,-1.5463142570e-02,1.2781250000e+01,1.2781250000e+01,1.5458368670e-02,-3.0000000000e+00,-3.0000000000e+00,-3.0058140480e-11,0.0000000000e+00,0.0000000000e+00,0.0000000000e+00,4.3016835140e+02
0.0000000000e+00,0.0000000000e+00,-1.5451806180e-02,1.2812500000e+01,1.2812500000e+01,1.5447036200e-02,-3.0000000000e+00,-3.0000000000e+00,-3.0697951970e-11,0.0000000000e+00,0.0000000000e+00,0.0000000000e+00,4.3043236530e+02
0.0000000000e+00,0.0000000000e+00,-1.5440497890e-02,1.2843750000e+01,1.2843750000e+01,1.5435732750e-02,-3.0000000000e+00,-3.0000000000e+00,-3.1350400480e-11,0.0000000000e+00,0.0000000000e+00,0.0000000000e+00,4.3069627100e+02
0.0000000000e+00,0.0000000000e+00,-1.5429217570e-02,1.2875000000e+01,1.2875000000e+01,1.5424458170e-02,-3.0000000000e+00,-3.0000000000e+00,-3.2015716360e-11,0.0000000000e+00,0.0000000000e+00,0.0000000000e+00,4.3096006860e+02
0.0000000000e+00,0.0000000000e+00,-1.5417965080e-02,1.2906250000e+01,1.2906250000e+01,1.5413212340e-02,-3.0000000000e+00,-3.0000000000e+00,-3.2694133830e-11,0.0000000000e+00,0.0000000000e+00,0.0000000000e+00,4.3122375880e+02
0.0000000000e+00,0.0000000000e+00,-1.5406740310e-02,1.2937500000e+01,1.2937500000e+01,1.5401995120e-02,-3.0000000000e+00,-3.0000000000e+00,-3.3385891020e-11,0.0000000000e+00,0.0000000000e+00,0.0000000000e+00,4.3148734180e+02
0.0000000000e+00,0.0000000000e+00,-1.5395543120e-02,1.2968750000e+01,1.2968750000e+01,1.5390806360e-02,-3.0000000000e+00,-3.0000000000e+00,-3.4091230040e-11,0.0000000000e+00,0.0000000000e+00,0.0000000000e+00,4.3175081810e+02
0.0000000000e+00,0.0000000000e+00,-1.5384373400e-02,1.3000000000e+01,1.3000000000e+01,1.5379645920e-02,-3.0000000000e+00,-3.0000000000e+00,-3.4810397030e-11,0.0000000000e+00,0.0000000000e+00,0.0000000000e+00,4.3201418790e+02
0.0000000000e+00,0.0000000000e+00,-1.5373231010e-02,1.3031250000e+01,1.3031250000e+01,1.5368513680e-02,-3.0000000000e+00,-3.0000000000e+00,-3.5543642220e-11,0.0000000000e+00,0.0000000000e+00,0.0000000000e+00,4.3227745190e+02
0.0000000000e+00,0.0000000000e+00,-1.5362115840e-02,1.3062500000e+01,1.3062500000e+01,1.5357409500e-02,-3.0000000000e+00,-3.0000000000e+00,-3.6291220010e-11,0.0000000000e+00,0.0000000000e+00,0.0000000000e+00,4.3254061020e+02
0.0000000000e+00,0.0000000000e+00,-1.5351027760e-02,1.3093750000e+01,1.3093750000e+01,1.5346333240e-02,-3.0000000000e+00,-3.0000000000e+00,-3.7053388990e-11,0.0000000000e+00,0.0000000000e+00,0.0000000000e+00,4.3280366340e+02
0.0000000000e+00,0.0000000000e+00,-1.5339966640e-02,1.3125000000e+01,1.3125000000e+01,1.5335284790e-02,-3.0000000000e+00,-3.0000000000e+00,-3.7830412030e-11,0.0000000000e+00,0.0000000000e+00,0.0000000000e+00,4.3306661180e+02
0.0000000000e+00,0.0000000000e+00,-1.5328932390e-02,1.3156250000e+01,1.3156250000e+01,1.5324264000e-02,-3.0000000000e+00,-3.0000000000e+00,-3.8622556370e-11,0.0000000000e+00,0.0000000000e+00,0.0000000000e+00,4.3332945580e+02
0.0000000000e+00,0.0000000000e+00,-1.5317924860e-02,1.3187500000e+01,1.3187500000e+01,1.5313270760e-02,-3.0000000000e+00,-3.0000000000e+00,-3.9430093620e-11,0.0000000000e+00,0.0000000000e+00,0.0000000000e+00,4.3359219570e+02
0.0000000000e+00,0.0000000000e+00,-1.5306943950e-02,1.3218750000e+01,1.3218750000e+01,1.5302304940e-02,-3.0000000000e+00,-3.0000000000e+00,-4.0253299910e-11,0.0000000000e+00,0.0000000000e+00,0.0000000000e+00,4.3385483200e+02
0.0000000000e+00,0.0000000000e+00,-1.5295989530e-02,1.3250000000e+01,1.3250000000e+01,1.5291366420e-02,-3.0000000000e+00,-3.0000000000e+00,-4.1092455850e-11,0.0000000000e+00,0.0000000000e+00,0.0000000000e+00,4.3411736490e+02
0.0000000000e+00,0.0000000000e+00,-1.5285061490e-02,1.3281250000e+01,1.3281250000e+01,1.5280455080e-02,-3.0000000000e+00,-3.0000000000e+00,-4.1947846700e-11,0.0000000000e+00,0.0000000000e+00,0.0000000000e+00,4.3437979500e+02
0.0000000000e+00,0.0000000000e+00,-1.5274159720e-02,1.3312500000e+01,1.3312500000e+01,1.5269570810e-02,-3.0000000000e+00,-3.0000000000e+00,-4.2819762370e-11,0.0000000000e+00,0.0000000000e+00,0.0000000000e+00,4.3464212250e+02
0.0000000000e+00,0.0000000000e+00,-1.5263284090e-02,1.3343750000e+01,1.3343750000e+01,1.5258713500e-02,-3.0000000000e+00,-3.0000000000e+00,-4.3708497520e-11,0.0000000000e+00,0.0000000000e+00,0.0000000000e+00,4.3490434780e+02
0.0000000000e+00,0.0000000000e+00,-1.5252434500e-02,1.3375000000e+01,1.3375000000e+01,1.5247883030e-02,-3.0000000000e+00,-3.0000000000e+00,-4.4614351630e-11,0.0000000000e+00,0.0000000000e+00,0.0000000000e+00,4.3516647130e+02
0.0000000000e+00,0.0000000000e+00,-1.5241610830e-02,1.3406250000e+01,1.3406250000e+01,1.5237079320e-02,-3.0000000000e+00,-3.0000000000e+00,-4.5537629060e-11,0.0000000000e+00,0.0000000000e+00,0.0000000000e+00,4.3542849330e+02
0.0000000000e+00,0.0000000000e+00,-1.5230812960e-02,1.3437500000e+01,1.3437500000e+01,1.5226302240e-02,-3.0000000000e+00,-3.0000000000e+00,-4.6478639130e-11,0.0000000000e+00,0.0000000000e+00,0.0000000000e+00,4.3569041420e+02
0.0000000000e+00,0.0000000000e+00,-1.5220040780e-02,1.3468750000e+01,1.3468750000e+01,1.5215551720e-02,-3.0000000000e+00,-3.0000000000e+00,-4.7437696200e-11,0.0000000000e+00,0.0000000000e+00,0.0000000000e+00,4.3595223430e+02
0.0000000000e+00,0.0000000000e+00,-1.5209294180e-02,1.3500000000e+01,1.3500000000e+01,1.5204827660e-02,-3.0000000000e+00,-3.0000000000e+00,-4.8415119720e-11,0.0000000000e+00,0.0000000000e+00,0.0000000000e+00,4.3621395400e+02
0.0000000000e+00,0.0000000000e+00,-1.5198573050e-02,1.3531250000e+01,1.3531250000e+01,1.5194129960e-02,-3.0000000000e+00,-3.0000000000e+00,-4.9411234350e-11,0.0000000000e+00,0.0000000000e+00,0.0000000000e+00,4.3647557370e+02
0.0000000000e+00,0.0000000000e+00,-1.5187877280e-02,1.3562500000e+01,1.3562500000e+01,1.5183458540e-02,-3.0000000000e+00,-3.0000000000e+00,-5.0426369980e-11,0.0000000000e+00,0.0000000000e+00,0.0000000000e+00,4.3673709350e+02
0.0000000000e+00,0.0000000000e+00,-1.5177206720e-02,1.3593750000e+01,1.3593750000e+01,1.5172813560e-02,-3.0000000000e+00,-3.0000000000e+00,-5.1460861800e-11,0.0000000000e+00,0.0000000000e+00,0.0000000000e+00,4.3699851400e+02
0.0000000000e+00,0.0000000000e+00,-1.5166561270e-02,1.3625000000e+01,1.3625000000e+01,1.5162195050e-02,-3.0000000000e+00,-3.0000000000e+00,-5.2515050560e-11,0.0000000000e+00,0.0000000000e+00,0.0000000000e+00,4.3725983550e+02
0.0000000000e+00,0.0000000000e+00,-1.5155940810e-02,1.3656250000e+01,1.3656250000e+01,1.5151602910e-02,-3.0000000000e+00,-3.0000000000e+00,-5.3589282630e-11,0.0000000000e+00,0.0000000000e+00,0.0000000000e+00,4.3752105830e+02
0.0000000000e+00,0.0000000000e+00,-1.5145345240e-02,1.3687500000e+01,1.3687500000e+01,1.5141037040e-02,-3.0000000000e+00,-3.0000000000e+00,-5.4683910000e-11,0.0000000000e+00,0.0000000000e+00,0.0000000000e+00,4.3778218280e+02
0.0000000000e+00,0.0000000000e+00,-1.5134774470e-02,1.3718750000e+01,1.3718750000e+01,1.5130497310e-02,-3.0000000000e+00,-3.0000000000e+00,-5.5799290340e-11,0.0000000000e+00,0.0000000000e+00,0.0000000000e+00,4.3804320950e+02
0.0000000000e+00,0.0000000000e+00,-1.5124228390e-02,1.3750000000e+01,1.3750000000e+01,1.5119983630e-02,-3.0000000000e+00,-3.0000000000e+00,-5.6935787120e-11,0.0000000000e+00,0.0000000000e+00,0.0000000000e+00,4.3830413870e+02
0.0000000000e+00,0.0000000000e+00,-1.5113706910e-02,1.3781250000e+01,1.3781250000e+01,1.5109495860e-02,-3.0000000000e+00,-3.0000000000e+00,-5.8093769660e-11,0.0000000000e+00,0.0000000000e+00,0.0000000000e+00,4.3856497090e+02
0.0000000000e+00,0.0000000000e+00,-1.5103209930e-02,1.3812500000e+01,1.3812500000e+01,1.5099033880e-02,-3.0000000000e+00,-3.0000000000e+00,-5.9273613270e-11,0.0000000000e+00,0.0000000000e+00,0.0000000000e+00,4.3882570640e+02
0.0000000000e+00,0.0000000000e+00,-1.5092737360e-02,1.3843750000e+01,1.3843750000e+01,1.5088597570e-02,-3.0000000000e+00,-3.0000000000e+00,-6.0475699270e-11,0.0000000000e+00,0.0000000000e+00,0.0000000000e+00,4.3908634570e+02
0.0000000000e+00,0.0000000000e+00,-1.5079247550e-02,1.3875000000e+01,1.3875000000e+01,1.5084289680e-02,-3.0000000000e+00,-3.0000000000e+00,-6.1684516320e-11,0.0000000000e+00,0.0000000000e+00,0.0000000000e+00,4.3934350580e+02
0.0000000000e+00,0.0000000000e+00,-1.5068830990e-02,1.3906250000e+01,1.3906250000e+01,1.5073892590e-02,-3.0000000000e+00,-3.0000000000e+00,-6.2931981660e-11,0.0000000000e+00,0.0000000000e+00,0.0000000000e+00,4.3960396000e+02
0.0000000000e+00,0.0000000000e+00,-1.5058461170e-02,1.3937500000e+01,1.3937500000e+01,1.5063474700e-02,-3.0000000000e+00,-3.0000000000e+00,-6.4202989390e-11,0.0000000000e+00,0.0000000000e+00,0.0000000000e+00,4.3986434440e+02
0.0000000000e+00,0.0000000000e+00,-1.5048116050e-02,1.3968750000e+01,1.3968750000e+01,1.5053079970e-02,-3.0000000000e+00,-3.0000000000e+00,-6.5497831430e-11,0.0000000000e+00,0.0000000000e+00,0.0000000000e+00,4.4012463500e+02
0.0000000000e+00,0.0000000000e+00,-1.5037795440e-02,1.4000000000e+01,1.4000000000e+01,1.5042708490e-02,-3.0000000000e+00,-3.0000000000e+00,-6.6816920440e-11,0.0000000000e+00,0.0000000000e+00,0.0000000000e+00,4.4038483220e+02
0.0000000000e+00,0.0000000000e+00,-1.5027499240e-02,1.4031250000e+01,1.4031250000e+01,1.5032360190e-02,-3.0000000000e+00,-3.0000000000e+00,-6.8160676020e-11,0.0000000000e+00,0.0000000000e+00,0.0000000000e+00,4.4064493620e+02
0.0000000000e+00,0.0000000000e+00,-1.5017227320e-02,1.4062500000e+01,1.4062500000e+01,1.5022035040e-02,-3.0000000000e+00,-3.0000000000e+00,-6.9529524450e-11,0.0000000000e+00,0.0000000000e+00,0.0000000000e+00,4.4090494740e+02
0.0000000000e+00,0.0000000000e+00,-1.5006979580e-02,1.4093750000e+01,1.4093750000e+01,1.5011732990e-02,-3.0000000000e+00,-3.0000000000e+00,-7.0923898820e-11,0.0000000000e+00,0.0000000000e+00,0.0000000000e+00,4.4116486640e+02
0.0000000000e+00,0.0000000000e+00,-1.4996755900e-02,1.4125000000e+01,1.4125000000e+01,1.5001453980e-02,-3.0000000000e+00,-3.0000000000e+00,-7.2344239110e-11,0.0000000000e+00,0.0000000000e+00,0.0000000000e+00,4.4142469330e+02
0.0000000000e+00,0.0000000000e+00,-1.4986556160e-02,1.4156250000e+01,1.4156250000e+01,1.4991197990e-02,-3.0000000000e+00,-3.0000000000e+00,-7.3790992420e-11,0.0000000000e+00,0.0000000000e+00,0.0000000000e+00,4.4168442870e+02
0.0000000000e+00,0.0000000000e+00,-1.4976380270e-02,1.4187500000e+01,1.4187500000e+01,1.4980964970e-02,-3.0000000000e+00,-3.0000000000e+00,-7.5264613010e-11,0.0000000000e+00,0.0000000000e+00,0.0000000000e+00,4.4194407300e+02
0.0000000000e+00,0.0000000000e+00,-1.4966228100e-02,1.4218750000e+01,1.4218750000e+01,1.4970754880e-02,-3.0000000000e+00,-3.0000000000e+00,-7.6765562330e-11,0.0000000000e+00,0.0000000000e+00,0.0000000000e+00,4.4220362660e+02
0.0000000000e+00,0.0000000000e+00,-1.4956099570e-02,1.4250000000e+01,1.4250000000e+01,1.4960567670e-02,-3.0000000000e+00,-3.0000000000e+00,-7.8294309180e-11,0.0000000000e+00,0.0000000000e+00,0.0000000000e+00,4.4246308990e+02
0.0000000000e+00,0.0000000000e+00,-1.4945994560e-02,1.4281250000e+01,1.4281250000e+01,1.4950403300e-02,-3.0000000000e+00,-3.0000000000e+00,-7.9851329780e-11,0.0000000000e+00,0.0000000000e+00,0.0000000000e+00,4.4272246330e+02
0.0000000000e+00,0.0000000000e+00,-1.4935912960e-02,1.4312500000e+01,1.4312500000e+01,1.4940261720e-02,-3.0000000000e+00,-3.0000000000e+00,-8.1437107890e-11,0.0000000000e+00,0.0000000000e+00,0.0000000000e+00,4.4298174730e+02
0.0000000000e+00,0.0000000000e+00,-1.4925854690e-02,1.4343750000e+01,1.4343750000e+01,1.4930142900e-02,-3.0000000000e+00,-3.0000000000e+00,-8.3052134940e-11,0.0000000000e+00,0.0000000000e+00,0.0000000000e+00,4.4324094240e+02
0.0000000000e+00,0.0000000000e+00,-1.4915819630e-02,1.4375000000e+01,1.4375000000e+01,1.4920046790e-02,-3.0000000000e+00,-3.0000000000e+00,-8.4696910100e-11,0.0000000000e+00,0.0000000000e+00,0.0000000000e+00,4.4350004890e+02
0.0000000000e+00,0.0000000000e+00,-1.4905807680e-02,1.4406250000e+01,1.4406250000e+01,1.4909973340e-02,-3.0000000000e+00,-3.0000000000e+00,-8.6371940420e-11,0.0000000000e+00,0.0000000000e+00,0.0000000000e+00,4.4375906730e+02
0.0000000000e+00,0.0000000000e+00,-1.4895818750e-02,1.4437500000e+01,1.4437500000e+01,1.4899922520e-02,-3.0000000000e+00,-3.0000000000e+00,-8.8077740960e-11,0.0000000000e+00,0.0000000000e+00,0.0000000000e+00,4.4401799800e+02
0.0000000000e+00,0.0000000000e+00,-1.4885852740e-02,1.4468750000e+01,1.4468750000e+01,1.4889894270e-02,-3.0000000000e+00,-3.0000000000e+00,-8.9814834860e-11,0.0000000000e+00,0.0000000000e+00,0.0000000000e+00,4.4427684140e+02
0.0000000000e+00,0.0000000000e+00,-1.4878886760e-02,1.4500000000e+01,1.4500000000e+01,1.4873949020e-02,-3.0000000000e+00,-3.0000000000e+00,-9.1606612030e-11,0.0000000000e+00,0.0000000000e+00,0.0000000000e+00,4.4453894630e+02
0.0000000000e+00,0.0000000000e+00,-1.4868901390e-02,1.4531250000e+01,1.4531250000e+01,1.4864101050e-02,-3.0000000000e+00,-3.0000000000e+00,-9.3407822860e-11,0.0000000000e+00,0.0000000000e+00,0.0000000000e+00,4.4479754520e+02
0.0000000000e+00,0.0000000000e+00,-1.4858960200e-02,1.4562500000e+01,1.4562500000e+01,1.4854232630e-02,-3.0000000000e+00,-3.0000000000e+00,-9.5242106450e-11,0.0000000000e+00,0.0000000000e+00,0.0000000000e+00,4.4505608230e+02
0.0000000000e+00,0.0000000000e+00,-1.4849041220e-02,1.4593750000e+01,1.4593750000e+01,1.4844387350e-02,-3.0000000000e+00,-3.0000000000e+00,-9.7109851180e-11,0.0000000000e+00,0.0000000000e+00,0.0000000000e+00,4.4531453360e+02
0.0000000000e+00,0.0000000000e+00,-1.4839144600e-02,1.4625000000e+01,1.4625000000e+01,1.4834564610e-02,-3.0000000000e+00,-3.0000000000e+00,-9.9011624340e-11,0.0000000000e+00,0.0000000000e+00,0.0000000000e+00,4.4557289980e+02
0.0000000000e+00,0.0000000000e+00,-1.4829270270e-02,1.4656250000e+01,1.4656250000e+01,1.4824764290e-02,-3.0000000000e+00,-3.0000000000e+00,-1.0094800020e-10,0.0000000000e+00,0.0000000000e+00,0.0000000000e+00,4.4583118120e+02
0.0000000000e+00,0.0000000000e+00,-1.4819418180e-02,1.4687500000e+01,1.4687500000e+01,1.4814986290e-02,-3.0000000000e+00,-3.0000000000e+00,-1.0291956200e-10,0.0000000000e+00,0.0000000000e+00,0.0000000000e+00,4.4608937850e+02
0.0000000000e+00,0.0000000000e+00,-1.4809588260e-02,1.4718750000e+01,1.4718750000e+01,1.4805230460e-02,-3.0000000000e+00,-3.0000000000e+00,-1.0492690230e-10,0.0000000000e+00,0.0000000000e+00,0.0000000000e+00,4.4634749210e+02
0.0000000000e+00,0.0000000000e+00,-1.4799780420e-02,1.4750000000e+01,1.4750000000e+01,1.4795496740e-02,-3.0000000000e+00,-3.0000000000e+00,-1.0697062240e-10,0.0000000000e+00,0.0000000000e+00,0.0000000000e+00,4.4660552240e+02
0.0000000000e+00,0.0000000000e+00,-1.4789994620e-02,1.4781250000e+01,1.4781250000e+01,1.4785784990e-02,-3.0000000000e+00,-3.0000000000e+00,-1.0905133350e-10,0.0000000000e+00,0.0000000000e+00,0.0000000000e+00,4.4686347000e+02
0.0000000000e+00,0.0000000000e+00,-1.4780230760e-02,1.4812500000e+01,1.4812500000e+01,1.4776095120e-02,-3.0000000000e+00,-3.0000000000e+00,-1.1116965570e-10,0.0000000000e+00,0.0000000000e+00,0.0000000000e+00,4.4712133520e+02
0.0000000000e+00,0.0000000000e+00,-1.4770488700e-02,1.4843750000e+01,1.4843750000e+01,1.4766427040e-02,-3.0000000000e+00,-3.0000000000e+00,-1.1332621390e-10,0.0000000000e+00,0.0000000000e+00,0.0000000000e+00,4.4737911800e+02
0.0000000000e+00,0.0000000000e+00,-1.4760768380e-02,1.4875000000e+01,1.4875000000e+01,1.4756780520e-02,-3.0000000000e+00,-3.0000000000e+00,-1.1552164510e-10,0.0000000000e+00,0.0000000000e+00,0.0000000000e+00,4.4763681850e+02
0.0000000000e+00,0.0000000000e+00,-1.4741762820e-02,1.4937500000e+01,1.4937500000e+01,1.4736826640e-02,-3.0000000000e+00,-3.0000000000e+00,-1.2003542280e-10,0.0000000000e+00,0.0000000000e+00,0.0000000000e+00,4.4815239310e+02
0.0000000000e+00,0.0000000000e+00,-1.4722453550e-02,1.5000000000e+01,1.5000000000e+01,1.4717723730e-02,-3.0000000000e+00,-3.0000000000e+00,-1.2470885570e-10,0.0000000000e+00,0.0000000000e+00,0.0000000000e+00,4.4866720300e+02
